{
	"extends": "tslint:recommended",
	"rules": {
		"class-name": true,
		// "comment-format": [true, "check-space"],
		"indent": [
			true,
			"tabs"
		],
		"quotemark": false,
		"align": false,
		"typedef-whitespace": false,
		"interface-name": false,
		"triple-equals": false,
		"whitespace": false,
		"max-line-length": false,
		"eofline": true,
		"no-empty": false,
		"one-variable-per-declaration": false,
		"member-ordering": false,
		"max-classes-per-file": false,
		"no-bitwise": false,
		"no-console": false,
		"new-parens": false
	}
}